Song,Artist,Song Lenght (ms),Popularity,Release date,Song Id,Acousticness,Danceability,Energy,Instrumentalness,Liveness,Speechiness,Tempo,Key,Loudness,Mode,Time Signature,Valence
Calma - Remix,Pedro Capó,238200,77,2018-10-05,5iwz1NiezX7WWjnCgY5TH4,0.323,0.826,0.773,0.773,0.773,0.0524,126.899,11,-4.218,0,4,0.761
Con Calma,Daddy Yankee,193226,83,2019-01-24,5w9c2J52mkdntKOmRLeM2m,0.11,0.737,0.86,0.86,0.86,0.0593,93.989,8,-2.652,0,4,0.656
Te Vi,Piso 21,231848,80,2018-12-14,059bcIhyc2SBwm6sw2AZzd,0.0446,0.877,0.777,0.777,0.777,0.117,102.02,1,-4.246,1,4,0.706
Otro Trago,Sech,225933,75,2019-04-19,1Ej96GIBCTvgH7tNX1r3qr,0.136,0.746,0.7,0.7,0.7,0.341,176.044,0,-4.669,1,4,0.619
Callaita,Bad Bunny,250533,80,2019-05-31,2TH65lNHgvLxCKXM3apjxI,0.6,0.61,0.624,0.624,0.624,0.309,176.169,2,-4.773,1,4,0.244
Desconocidos,Mau y Ricky,204453,65,2018-10-12,0s5DNDV6LAKn2u2Ufa3VjQ,0.146,0.709,0.771,0.771,0.771,0.166,174.006,7,-4.598,1,4,0.709
HP,Maluma,184435,75,2019-05-17,1LIqNVhaIgxXUt2eVoIQJ3,0.252,0.837,0.791,0.791,0.791,0.0773,91.98,4,-3.157,0,4,0.618
Secreto,Anuel AA,258799,79,2019-01-15,5W83ErFkO3aKAIS1WMi6u0,0.602,0.807,0.803,0.803,0.803,0.126,91.987,11,-4.156,1,4,0.706
LA CANCIÓN,J Balvin,242573,89,2019-06-28,0fea68AdmYNygeTGI4RC18,0.152,0.754,0.646,0.646,0.646,0.317,176.089,7,-5.795,1,4,0.429
Adan y Eva,Paulo Londra,258638,72,2018-11-05,6FyRXC8tJUh863JCkyWqtk,0.323,0.767,0.709,0.709,0.709,0.336,171.993,1,-4.47,1,4,0.72
11 PM,Maluma,175733,79,2019-05-17,7KbF6AdprOXEEHlsq11Z6d,0.217,0.777,0.712,0.712,0.712,0.277,95.692,10,-4.84,1,4,0.68
Soltera (Remix),Lunay,266086,74,2019-05-10,1c0hsvHLELX6y8qymnpLKL,0.361,0.795,0.783,0.783,0.783,0.0432,92.01,5,-4.271,1,4,0.799
Con Altura,ROSALÍA,161626,78,2019-03-28,2qG5sZ7Si6sdK74qLxedYM,0.39,0.882,0.689,0.689,0.689,0.124,97.963,6,-4.027,1,4,0.746
Tal Vez,Paulo Londra,264483,65,2019-04-03,46lvmzK8wxAy66tjzXXSh0,0.266,0.849,0.655,0.655,0.655,0.106,161.966,8,-2.899,1,4,0.76
China,Anuel AA,301714,78,2019-07-19,2ksOAxtIxY8yElEWw8RhgK,0.0846,0.786,0.808,0.808,0.808,0.0882,105.027,7,-3.702,1,4,0.609
No Me Conoce - Remix,Jhayco,309120,86,2019-05-24,2beS6dD5rovBxSA1zYoSHR,0.14,0.804,0.787,0.787,0.787,0.0746,91.974,10,-3.824,0,4,0.562
Pa Mí - Remix,Dalex,360960,77,2019-05-10,7g8YaUQABMal0zWe7a2ijz,0.753,0.688,0.62,0.62,0.62,0.22,170.011,11,-8.029,0,4,0.727
Ella Quiere Beber - Remix,Anuel AA,219357,81,2018-11-02,3f5lA8nnc4YYF1qf78WpHw,0.265,0.75,0.665,0.665,0.665,0.124,95.239,8,-3.083,1,4,0.697
Un Año,Sebastian Yatra,164440,69,2019-01-18,5BDP2tky8oMQJPS33frKVp,0.148,0.771,0.382,0.382,0.382,0.0514,94.931,1,-6.808,0,4,0.535
MIA,Bad Bunny,210367,82,2018-12-23,3gE4eQH3K83Sght0ZLvuBK,0.0142,0.816,0.538,0.538,0.538,0.0617,97.054,6,-6.354,0,4,0.156
Dancin (feat. Luvli) - Krono Remix,Aaron Smith,198053,81,2014-11-07,6WkJ2OK163XXS2oARUC9JM,0.101,0.72,0.741,0.741,0.741,0.0287,119.896,10,-6.529,0,4,0.357
Sunflower - Spider-Man: Into the Spider-Verse,Post Malone,158040,91,2018-12-14,3KkXRkHbMCARz0aVfEt68P,0.556,0.76,0.479,0.479,0.479,0.0466,89.911,2,-5.574,1,4,0.913
7 rings,Ariana Grande,178626,87,2019-02-08,6ocbgoVGwYJhOv1GgI9NsF,0.592,0.778,0.317,0.317,0.317,0.334,140.048,1,-10.732,0,4,0.327
Señorita,Shawn Mendes,190960,82,2019-06-21,0TK2YIli7K1leLovkQiNik,0.037,0.759,0.54,0.54,0.54,0.0287,116.947,9,-6.039,0,4,0.75
bad guy,Billie Eilish,194087,86,2019-03-29,2Fxmhks0bxGSBdJ92vM42m,0.328,0.701,0.425,0.425,0.425,0.375,135.128,7,-10.965,1,4,0.562
Baby Girl (feat. Lalo Ebratt),Mario Bautista,218469,67,2018-08-17,6o8ogTrSX8H0F66Pdz3Tsc,0.0275,0.804,0.705,0.705,0.705,0.199,103.009,1,-5.272,1,4,0.45
No Te Contaron Mal,Christian Nodal,156520,75,2019-05-10,7hbk4BaF66O09R1gq0bKwj,0.369,0.644,0.568,0.568,0.568,0.038,81.409,9,-3.077,0,4,0.654
Verte Ir,DJ Luian,267500,75,2019-03-28,4lzxJ4jCuFDXXGkE1LmpKR,0.391,0.857,0.647,0.647,0.647,0.0984,95.982,11,-4.152,0,4,0.553
Baila Baila Baila,Ozuna,158760,76,2019-11-29,5PXsZaT8cOxb4mXrA20PMQ,0.0588,0.837,0.626,0.626,0.626,0.152,99.987,11,-5.674,0,4,0.592
Te Robaré,Nicky Jam,201818,73,2019-11-01,4PJ3umtW1aWdfh5EITHc6T,0.241,0.673,0.752,0.752,0.752,0.0561,175.997,2,-3.572,0,4,0.797
Sola,Manuel Turizo,195044,67,2019-08-23,0KHhNlHN5lWn7q332PiPys,0.483,0.704,0.706,0.706,0.706,0.111,92.965,11,-5.233,0,4,0.856
"Taki Taki (feat. Selena Gomez, Ozuna & Cardi B)",DJ Snake,212500,76,2019-07-25,0KoiMHhqKLoL4xM54rcWYY,0.157,0.842,0.801,0.801,0.801,0.228,95.881,8,-4.167,0,4,0.617
QUE PRETENDES,J Balvin,222346,82,2019-06-28,25ZAibhr3bdlMCLmubZDVt,0.0275,0.639,0.791,0.791,0.791,0.253,92.603,10,-4.443,0,4,0.939
Fuentes de Ortiz,Ed Maverick,207400,81,2018-03-02,0akyEssGRVHstqCSWXusJL,0.946,0.83,0.159,0.159,0.159,0.0383,104.95,1,-14.461,1,4,0.189
Rebota,Guaynaa,204630,68,2018-12-14,4THusowxdHxwt0HBh5pyRx,0.188,0.816,0.911,0.911,0.911,0.255,89.686,1,-2.002,1,4,0.931
Ni Gucci Ni Prada,Kenny Man,175200,62,2018-09-14,32lexhcz93AinKK0qLTZaZ,0.41,0.799,0.676,0.676,0.676,0.169,104.956,2,-5.644,1,4,0.91
Amanece,Anuel AA,190004,85,2018-12-14,1LiN0Z98FkR1t0m8KmLcAH,0.437,0.79,0.631,0.631,0.631,0.0425,94.039,8,-5.549,0,4,0.889
Tutu,Camilo,178613,69,2019-08-09,1nocRtwyNPVtGcIJqfgdzZ,0.273,0.731,0.832,0.832,0.832,0.0503,146.013,9,-2.592,1,4,0.94
Aullando,Wisin & Yandel,226200,73,2018-12-14,7BuHdm4lQqcyG3qTwdkxus,0.184,0.8,0.74,0.74,0.74,0.0479,90.035,10,-4.52,0,4,0.775
Baila Conmigo (feat. Kelly Ruiz),Dayvi,189817,72,2018-12-28,4Clmg1g8n2yBYG13Z1oSdG,0.00903,0.745,0.972,0.972,0.972,0.0774,128.031,7,-3.506,1,4,0.556
Amigos Con Derechos,Reik,227480,75,2019-05-31,4yVO0wOhXsZC1RuPgHP524,0.0464,0.678,0.806,0.806,0.806,0.0648,183.984,1,-3.334,1,4,0.614
Lost on You,LP,268105,78,2017-05-05,2LIh4uzqq9cXMPzzmcToHl,0.1,0.433,0.724,0.724,0.724,0.0372,174.006,5,-6.126,0,4,0.689
Créeme,KAROL G,212493,72,2018-11-02,1mT47pKLXUwPYGwB91GcNz,0.154,0.715,0.872,0.872,0.872,0.0547,96.939,6,-3.501,1,4,0.682
Me Rehúso,Danny Ocean,205714,80,2016-09-16,6De0lHrwBfPfrhorm9q1Xl,0.0231,0.744,0.804,0.804,0.804,0.0677,104.823,1,-6.327,1,4,0.426
Happier,Marshmello,214289,86,2018-08-17,2dpaYNEQHiRxtZbfNsse99,0.191,0.687,0.792,0.792,0.792,0.0452,100.015,5,-2.749,1,4,0.671
En Peligro de Extinción,La Adictiva,234000,75,2020-11-13,4wZqjBJCs2tD7AV3c2UUh5,0.0966,0.699,0.442,0.442,0.442,0.0277,123.562,0,-5.144,1,4,0.816
Dancing With A Stranger (with Normani),Sam Smith,171029,77,2019-01-11,6Qs4SXO9dwPj5GKvVOv8Ki,0.45,0.741,0.52,0.52,0.52,0.0656,102.998,8,-7.513,1,4,0.347
In My Mind,Dynoro,184560,82,2018-06-08,0E9ZjEAyAwOXZ7wJC0PD33,0.176,0.694,0.77,0.77,0.77,0.149,125.905,6,-5.335,1,4,0.163
Reggaeton,J Balvin,158800,69,2018-11-17,2D3z17LBMJ2HEHeBFFjTLi,0.0165,0.747,0.74,0.74,0.74,0.191,176.059,4,-4.325,0,4,0.552
Nunca Es Suficiente,Los Ángeles Azules,266213,70,2018-06-08,63USmok1OioBzKuWGW9wAg,0.398,0.789,0.518,0.518,0.518,0.0406,94.001,2,-5.417,0,4,0.78
Ahora Te Puedes Marchar,Luis Miguel,191973,84,1987-07-15,1uKjQoh8JZj9ryuYRhpd7E,0.148,0.78,0.877,0.877,0.877,0.0427,133.263,6,-3.683,0,4,0.909
A Través del Vaso,Grupo Arranke,188661,69,2017-10-25,1x5Fqllow3ngr5euK3hXSw,0.36,0.613,0.694,0.694,0.694,0.0297,143.854,5,-2.978,1,3,0.92
Cuando Te Besé,Becky G,254383,70,2018-08-02,2XXMDz7SPZ4mSFN1PXfHUy,0.307,0.772,0.732,0.732,0.732,0.213,100.048,9,-3.713,0,4,0.295
Vaina Loca,Ozuna,176133,80,2018-08-24,48zFZh27QU5qsrBjn4C2FA,0.315,0.754,0.805,0.805,0.805,0.0752,93.982,6,-4.249,1,4,0.555
Bohemian Rhapsody - Remastered 2011,Queen,354320,76,1975-11-21,7tFiyTwD0nx5a1eklYtX2J,0.288,0.392,0.402,0.402,0.402,0.0536,143.883,0,-9.961,0,4,0.228
Old Town Road - Remix,Lil Nas X,157066,81,2019-06-21,2YpeDb67231RjR0MgVLzsG,0.0533,0.878,0.619,0.619,0.619,0.102,136.041,6,-5.56,1,4,0.639
Swing,Danny Ocean,155058,74,2019-03-22,4DbhxwlkhTbCTqlZptxmI6,0.458,0.729,0.616,0.616,0.616,0.249,106.486,8,-6.422,1,4,0.532
Esclavo de Tus Besos,Manuel Turizo,219302,63,2019-02-15,3g4UyIcQwutiG0TfW32GnX,0.113,0.805,0.671,0.671,0.671,0.111,90.979,5,-5.316,1,4,0.522
Ya No Tiene Novio,Sebastian Yatra,198933,73,2018-08-10,7uQmJ1jgNzBpATSoWKSPFu,0.048,0.632,0.832,0.832,0.832,0.154,182.184,7,-1.948,0,4,0.784
Loco Contigo (feat. J. Balvin & Tyga),DJ Snake,185194,78,2019-07-25,6osaMSJh9NguagEDQcZaKx,0.278,0.694,0.758,0.758,0.758,0.218,192.091,11,-2.986,1,4,0.371
La Boca,Mau y Ricky,206279,71,2019-05-03,0UQwlF2pRkr1lMN6kNNUj3,0.0655,0.618,0.795,0.795,0.795,0.113,185.901,2,-1.8,1,4,0.76
Tra Tra Tra Remix - Remix,Ghetto Kids,171000,68,2019-06-20,4YqCBC4FwzGXuhixt5cgmm,0.0532,0.847,0.736,0.736,0.736,0.266,160.012,1,-4.542,1,4,0.876
Mala Fama,Danna Paola,182466,55,2019-03-28,6m9qNGeOq3Nvq7Qhal4t83,0.2,0.763,0.578,0.578,0.578,0.0852,175.959,6,-3.894,0,4,0.818
El Color de Tus Ojos,Banda MS de Sergio Lizárraga,202560,78,2017-04-21,1l77YWrGUp3qX3NS1rz7lq,0.278,0.765,0.339,0.339,0.339,0.0365,123.95,8,-8.965,1,4,0.864
Déjala Que Vuelva (feat. Manuel Turizo),Piso 21,220116,80,2018-05-11,1j6xOGusnyXq3l6IryKF3G,0.0482,0.681,0.788,0.788,0.788,0.0785,170.019,1,-4.323,1,4,0.839
Bubalu,Becky G,228493,74,2018-11-06,7dNwJbsT0sg1le5kVugGJb,0.616,0.8,0.355,0.355,0.355,0.0895,145.929,6,-10.47,0,4,0.253
Amor A Primera Vista,Los Ángeles Azules,221346,60,2020-08-28,5Myb8S90Wg0yLec5kmrIGJ,0.228,0.678,0.821,0.821,0.821,0.0672,170.164,0,-6.017,1,4,0.96
Otro Trago - Remix,Sech,287773,74,2019-07-26,4bTZeO72FwMa6wKOiqoynL,0.0711,0.725,0.79,0.79,0.79,0.197,175.988,0,-2.331,1,4,0.763
Promises (with Sam Smith),Calvin Harris,213309,79,2018-08-17,5N5k9nd479b1xpDZ4usjrg,0.0119,0.781,0.768,0.768,0.768,0.0394,123.07,11,-5.991,1,4,0.486
Shallow,Lady Gaga,215733,87,2018-10-05,2VxeLyX666F8uXCJ0dZF8B,0.371,0.572,0.385,0.385,0.385,0.0308,95.799,7,-6.362,1,4,0.323
Believer,Imagine Dragons,204346,91,2017-06-23,0pqnGHJpmpxLKifKRmU6WP,0.0622,0.776,0.78,0.78,0.78,0.128,124.949,10,-4.374,0,4,0.666
No Es Justo,J Balvin,250840,72,2018-05-25,5qFeMRz4TvetPmzjre9Dq7,0.161,0.684,0.811,0.811,0.811,0.0714,87.866,7,-4.494,1,4,0.721
Adictiva,Daddy Yankee,207853,73,2018-11-09,6MJUCumnQsQEKbCy28tbCP,0.291,0.788,0.771,0.771,0.771,0.0563,99.038,4,-3.206,0,4,0.701
Contra La Pared,Sean Paul,224680,69,2019-03-14,37eGbhE1xVFSvcKkqGb6i1,0.0156,0.828,0.588,0.588,0.588,0.118,94.052,2,-7.14,1,4,0.598
Puntos Suspensivos,Piso 21,186315,78,2018-05-11,04cd1MHVq1D8v1nuTZoCdv,0.175,0.823,0.731,0.731,0.731,0.103,152.024,11,-3.399,0,4,0.952
La Escuela No Me Gustó,Adriel Favela,176000,75,2018-08-24,4qArKIA7dnmdushoBlkV94,0.323,0.836,0.766,0.766,0.766,0.0371,112.548,7,-6.229,0,4,0.844
La Mujer Perfecta,KURT,217906,59,2018-05-11,0mAGeks6ns4FZWBPkjD9HR,0.242,0.824,0.488,0.488,0.488,0.0669,155.11,9,-9.112,1,4,0.878
Another One Bites The Dust - Remastered 2011,Queen,214653,77,1980-06-27,57JVGBtBLCfHw2muk5416J,0.112,0.933,0.528,0.528,0.528,0.162,109.975,5,-6.472,0,4,0.756
Te Boté - Remix,Nio Garcia,417920,79,2018-04-13,3V8UKqhEK5zBkBb6d6ub8i,0.542,0.903,0.675,0.675,0.675,0.214,96.507,11,-3.445,0,4,0.442
BEBE,6ix9ine,217822,76,2018,3eqOaTqnyb0GEgv6JInG6W,0.172,0.635,0.902,0.902,0.902,0.109,102.062,0,-3.559,1,4,0.285
Brillas,León Larregui,224826,60,2012-01-01,6OKmGZASRCmiKQKz4hCNrs,0.341,0.628,0.462,0.462,0.462,0.0354,93.016,9,-11.813,1,4,0.308
Que Mas Pues - Remix,Sech,305962,73,2019-04-19,7fODjB7BrQTGqh0hogW6XD,0.121,0.647,0.661,0.661,0.661,0.2,113.358,11,-5.027,1,5,0.811
Prometiste,Pepe Aguilar,305120,75,2014-11-21,2UypFzxfaYgMUnQX2k4qtj,0.807,0.602,0.398,0.398,0.398,0.104,126.285,0,-9.503,1,4,0.603
Aerolínea Carrillo,T3R Elemento,174275,75,2018-11-16,0xYTyyfV767E2Vn3hz56kL,0.337,0.669,0.561,0.561,0.561,0.0318,114.405,1,-6.613,1,3,0.867
PPP,KEVIN ROLDAN,129039,66,2018-09-07,1DcxnVNFAyVl2sDQ646pXS,0.363,0.786,0.65,0.65,0.65,0.109,92.975,4,-6.839,1,4,0.712
Me Dedique a Perderte,Luis Alfonso Partida El Yaki,192479,31,2018-08-02,6zw7KlZeJBxipnNUjm1fUE,0.589,0.531,0.489,0.489,0.489,0.11,80.715,8,-13.675,1,3,0.862
I Don't Care (with Justin Bieber),Ed Sheeran & Justin Bieber,219946,80,2019-05-10,3HVWdVOQ0ZA45FuZGSfvns,0.0912,0.798,0.675,0.675,0.675,0.0442,101.956,6,-5.041,1,4,0.842
Adiós Amor,Christian Nodal,199320,79,2017-08-25,63bmZnBN1CiJ9sA4qTEe8y,0.169,0.433,0.431,0.431,0.431,0.0367,177.732,2,-6.422,1,4,0.722
"Yo x Ti, Tu x Mi",ROSALÍA,201040,77,2019-08-15,7BlBVFwvbWvcwNcUarQmjk,0.462,0.78,0.759,0.759,0.759,0.225,91.952,1,-3.292,1,4,0.579
Sin Pijama,Becky G,188560,71,2018-04-20,2ijef6ni2amuunRoKTlgww,0.354,0.791,0.745,0.745,0.745,0.0464,94.014,11,-3.695,0,4,0.82
No Hay Nadie Más,Sebastian Yatra,199733,78,2018-05-18,3IPJg1sdqLj12kFIndaonN,0.861,0.695,0.379,0.379,0.379,0.0339,105.108,6,-9.096,1,4,0.808
Probablemente,Christian Nodal,233546,71,2017-08-25,4prmUBle7TtAeeUgCnsc3Z,0.393,0.589,0.49,0.49,0.49,0.0302,160.179,7,-5.291,1,4,0.604
"thank u, next",Ariana Grande,207320,84,2019-02-08,3e9HZxeyfWwjeyPAMmWSSQ,0.229,0.717,0.653,0.653,0.653,0.0658,106.966,1,-5.634,1,4,0.412
La Incondicional,Luis Miguel,257026,82,1988-11-25,6F9yAYUaNbUhdlQyt5uZ3b,0.237,0.374,0.727,0.727,0.727,0.0309,155.127,10,-4.352,1,4,0.283
Girls Like You (feat. Cardi B) - Cardi B Version,Maroon 5,235545,69,2018-06-15,6V1bu6o1Yo5ZXnsCJU8Ovk,0.568,0.851,0.541,0.541,0.541,0.0505,124.959,0,-6.825,1,4,0.448
Sucker,Jonas Brothers,181026,84,2019-06-07,22vgEDb5hykfaTwLuskFGD,0.0427,0.842,0.734,0.734,0.734,0.0588,137.958,1,-5.065,0,4,0.952
Cuando Nadie Ve,Morat,219586,81,2018-10-25,71iAechwVKGu26pahzFL0k,0.133,0.806,0.778,0.778,0.778,0.0616,95.993,1,-4.577,0,4,0.84
Que Le De,Rauw Alejandro,225600,60,2019-01-25,08aYFNUTIOMGq93e2VSArQ,0.19,0.77,0.75,0.75,0.75,0.0785,99.997,0,-2.715,1,4,0.609
Ponle,Rvssian,164764,67,2018-09-06,28O1p0bQXH2F6Qn8jBZZR4,0.188,0.857,0.772,0.772,0.772,0.195,94.03,10,-4.737,0,4,0.589
Rucón,Alemán,168560,74,2018-05-16,78M7CiqTpJYoPQKkwjM48Z,0.0196,0.864,0.59,0.59,0.59,0.499,161.989,1,-8.768,1,4,0.579
Tusa,KAROL G,200960,79,2019-11-07,7k4t7uLgtOxPwTpFmtJNTY,0.295,0.803,0.715,0.715,0.715,0.298,101.085,2,-3.28,1,4,0.574
Blinding Lights,The Weeknd,200040,93,2020-03-20,0VjIjW4GlUZAMYd2vXMi3b,0.00146,0.514,0.73,0.73,0.73,0.0598,171.005,1,-5.934,1,4,0.334
Safaera,Bad Bunny,295176,80,2020-02-29,2DEZmgHKAvm41k4J3R2E9Y,0.0103,0.607,0.829,0.829,0.829,0.379,96.172,2,-4.074,1,4,0.685
Hawái,Maluma,199112,81,2020-08-21,1yoMvmasuxZfqHEipJhRbp,0.185,0.783,0.727,0.727,0.727,0.389,180.067,6,-3.454,0,4,0.558
Sigues Con El,Arcángel,226532,71,2019-12-13,7sQKy5vlPQllr0k9IjYJv3,0.11,0.883,0.668,0.668,0.668,0.113,87.972,9,-2.957,1,4,0.676
Yo Perreo Sola,Bad Bunny,172127,78,2020-02-29,0SqqAgdovOE24BzxIClpjw,0.021,0.86,0.758,0.758,0.758,0.0695,97.014,11,-5.16,1,4,0.453
Pa' Olvidarme De Ella,Piso 21,227233,72,2019-09-06,1cVlW9WQiGlFdWUXFdFZGh,0.259,0.728,0.542,0.542,0.542,0.0514,90.016,0,-5.195,1,3,0.637
Rojo,J Balvin,150853,67,2020-02-27,4uziEsK1yiqdauKVDPsmVG,0.15,0.652,0.595,0.595,0.595,0.113,172.27,11,-4.04,1,4,0.444
Si Veo a Tu Mamá,Bad Bunny,170971,82,2020-02-29,41wtwzCZkXwpnakmwJ239F,0.402,0.9,0.603,0.603,0.603,0.0646,129.928,2,-5.313,1,4,0.824
Morado,J Balvin,200666,66,2020-01-09,3mQ6SLdxxaL52Yte7KF2Ks,0.137,0.881,0.696,0.696,0.696,0.0797,97.002,11,-3.838,0,4,0.781
Vete,Bad Bunny,192024,77,2020-02-29,2n7ohqg1s68ToAHh4u9mcW,0.0363,0.886,0.672,0.672,0.672,0.188,91.976,1,-4.394,1,4,0.526
Azul,J Balvin,205933,74,2020-03-19,2lCkncy6bIB0LTMT7kvrD1,0.0816,0.843,0.836,0.836,0.836,0.0695,94.018,11,-2.474,0,4,0.65
Ignorantes,Bad Bunny,210606,74,2020-02-29,38RIEav39FGi86jppxO0du,0.267,0.85,0.536,0.536,0.536,0.0599,96.029,1,-5.161,1,4,0.505
Don't Start Now,Dua Lipa,183290,85,2020-03-27,3PfIrDoz19wz7qK7tYeu62,0.0123,0.793,0.793,0.793,0.793,0.083,123.95,11,-4.521,0,4,0.679
La Jeepeta - Remix,Nio Garcia,345240,66,2020-07-24,6bvfJf4KjonPMuPfGfy3S2,0.297,0.814,0.714,0.714,0.714,0.207,176.013,4,-4.65,0,4,0.789
Se Me Olvidó,Christian Nodal,159533,70,2020-05-29,7paFC3FEu1WtPVP4Do6VZN,0.368,0.65,0.558,0.558,0.558,0.0309,141.82,0,-3.082,1,4,0.725
Jangueo,Alex Rose,259600,70,2019-11-08,1bRpSCFv6P2OUhciByeRYR,0.253,0.861,0.678,0.678,0.678,0.0536,103.994,8,-4.157,0,4,0.723
La Difícil,Bad Bunny,163084,79,2020-02-29,6NfrH0ANGmgBXyxgV2PeXt,0.0861,0.685,0.848,0.848,0.848,0.0858,179.87,8,-4.561,0,4,0.761
Hola - Remix,Dalex,249520,75,2019-11-01,5stPVcRqb4qixbafP9e8lt,0.471,0.655,0.672,0.672,0.672,0.311,181.877,0,-5.98,0,4,0.343
Relación,Sech,184254,73,2020-05-21,3ZG8N7aWw2meb6UrI5ZmnZ,0.125,0.805,0.562,0.562,0.562,0.105,172.094,7,-3.117,0,4,0.767
Favorito,Camilo,209765,67,2020-04-17,0jT8Nl0shPS8115is0wD2Q,0.237,0.606,0.853,0.853,0.853,0.0545,178.043,9,-2.975,1,4,0.822
La Santa,Bad Bunny,206420,84,2020-02-29,69vlMrzHwATKzupwNcUPyK,0.0326,0.744,0.868,0.868,0.868,0.047,93.037,1,-4.524,1,4,0.586
RITMO (Bad Boys For Life),Black Eyed Peas,214854,68,2020-11-02,5NyS3oxTlos3Agl2YtZwrC,0.0295,0.732,0.716,0.716,0.716,0.0561,105.093,10,-6.968,0,4,0.666
Yo Ya No Vuelvo Contigo - En Vivo,Lenin Ramírez,240456,62,2020-05-01,4dKY6JFNvj2yWzENIL1P6s,0.784,0.644,0.35,0.35,0.35,0.0783,118.206,4,-5.924,0,1,0.541
Diosa,Myke Towers,214013,76,2020-01-24,3JHpk0DOTOzyh0777JFAky,0.398,0.801,0.745,0.745,0.745,0.063,104.965,6,-3.733,0,4,0.245
Tattoo,Rauw Alejandro,202886,69,2020-02-13,7na7Bk98usp84FaOJFPv3d,0.0217,0.755,0.617,0.617,0.617,0.182,193.896,9,-5.144,1,4,0.745
Elegí (feat. Dímelo Flow),Rauw Alejandro,197721,74,2020-03-26,50ZC4PM7hywH27RcCfViau,0.237,0.824,0.631,0.631,0.631,0.0809,171.965,0,-2.791,1,4,0.678
Blanco,J Balvin,145800,60,2019-11-15,2rc7BkzO8qepMFAxHtOrXc,0.0253,0.87,0.706,0.706,0.706,0.126,100.013,9,-5.395,0,4,0.593
A Tu Merced,Bad Bunny,175918,82,2020-02-29,4r9jkMEnArtWGH2rL2FZl0,0.169,0.86,0.791,0.791,0.791,0.0568,92.023,0,-4.784,1,4,0.887
La Curiosidad,Jay Wheeler,219048,84,2020-06-12,4HYDUMY0xSpeBr0AMY9cUz,0.269,0.845,0.677,0.677,0.677,0.136,90.013,11,-4.798,0,4,0.68
Amarillo,J Balvin,157733,70,2020-03-19,6zEgnpM0qYmHLDnh8WPejL,0.013,0.641,0.857,0.857,0.857,0.301,122.728,1,-5.725,0,5,0.961
"Ay, DiOs Mío!",KAROL G,189653,72,2020-07-10,7x4ASXYEKfQBCewcZhK776,0.512,0.718,0.712,0.712,0.712,0.174,180.034,11,-4.366,1,4,0.531
Caramelo,Ozuna,217546,69,2020-06-11,3gD4J3RUHy4OUuZ3qAiaiG,0.0531,0.728,0.806,0.806,0.806,0.0623,168.084,6,-3.766,1,4,0.698
Ride It,Regard,157605,83,2019-07-26,2tnVG71enUj33Ic2nFN6kZ,0.177,0.88,0.751,0.751,0.751,0.0874,117.948,7,-4.258,0,4,0.884
Agua (with J Balvin),Tainy,159665,70,2021-03-05,7CtbxAGq2P0jtYh6SH9DMR,0.167,0.778,0.651,0.651,0.651,0.266,100.094,9,-5.421,0,4,0.569
Sodio,Danna Paola,186946,65,2020-02-07,7jYZU1CIruZU3puB5tiYiW,0.0659,0.651,0.761,0.761,0.761,0.063,89.024,9,-4.805,0,4,0.433
Break My Heart,Dua Lipa,221820,80,2020-03-27,017PF4Q3l4DBUiWoXk4OWT,0.167,0.73,0.729,0.729,0.729,0.0884,113.011,4,-3.434,0,4,0.467
La Mitad,Camilo,177791,78,2020-04-17,63Zaf8Rci6eOUPqDQ4fUFx,0.73,0.724,0.443,0.443,0.443,0.0329,97.194,7,-3.743,1,4,0.763
Say So,Doja Cat,237893,81,2019-11-07,3Dv1eDb0MEgF93GpLXlucZ,0.264,0.787,0.673,0.673,0.673,0.159,110.962,11,-4.583,0,4,0.779
UN DIA (ONE DAY) (Feat. Tainy),J Balvin,232253,75,2020-07-24,0EhpEsp4L0oRGM0vmeaN5e,0.00536,0.571,0.693,0.693,0.693,0.0545,168.169,6,-8.234,0,4,0.393
Amor Tumbado,Natanael Cano,221553,79,2019-12-24,5aJ1M43pinROpwaPnO8KRj,0.332,0.535,0.714,0.714,0.714,0.0329,100.059,6,-5.753,0,3,0.458
Que Tire Pa Lante,Daddy Yankee,210520,70,2019-10-18,6RyaV7owmVU6fzEPE17sF1,0.0478,0.658,0.901,0.901,0.901,0.0357,93.979,7,-2.814,1,4,0.708
death bed (coffee for your head),Powfu,173333,84,2020-02-08,7eJMfftS33KTjuF7lTsMCx,0.731,0.726,0.431,0.431,0.431,0.135,144.026,8,-8.765,0,4,0.348
Watermelon Sugar,Harry Styles,174000,92,2019-12-13,6UelLqGlWMcVH1E5c4H7lY,0.122,0.548,0.816,0.816,0.816,0.0465,95.39,0,-4.209,1,4,0.557
Infeliz,Arcángel,221103,75,2019-12-20,4z6wo6PJG4Fve45OXK6D9m,0.366,0.713,0.798,0.798,0.798,0.219,176.073,1,-3.147,1,4,0.721
Caballero,Alejandro Fernández,228506,62,2019-10-03,5DL6BDuqhnQw8HfIvUYkm9,0.118,0.505,0.411,0.411,0.411,0.0325,101.69,11,-6.904,1,4,0.534
Aquí Abajo,Christian Nodal,143933,77,2020-09-11,16ONd70tvWAaLIc6hcLzaG,0.282,0.638,0.437,0.437,0.437,0.0332,147.88,4,-3.857,1,3,0.618
PORFA,Feid,232653,73,2020-04-23,4TOmcZvw0gHa7GiXRbcYAW,0.0903,0.795,0.542,0.542,0.542,0.193,167.823,6,-8.106,0,4,0.55
Muévelo,Nicky Jam,194892,70,2020-01-08,4VgYtXCVJ7IbWAZ5ryfvEQ,0.415,0.594,0.808,0.808,0.808,0.0489,188.09,7,-2.409,1,4,0.919
Mi Cuarto,Jerry Di,197586,73,2020-04-03,6fmQjRuo7XvRFCK2qex5hQ,0.819,0.854,0.525,0.525,0.525,0.214,97.054,1,-4.426,1,4,0.63
DÁKITI,Bad Bunny,205090,82,2020-11-27,4MzXwWMhyBbmu6hOcLVD49,0.401,0.731,0.573,0.573,0.573,0.0544,109.928,4,-10.059,0,4,0.145
Todo De Ti,Rauw Alejandro,199604,79,2021-12-10,3rdAz1fbUfZxYgaCviYhRo,0.302,0.78,0.719,0.719,0.719,0.0506,127.962,3,-3.613,0,4,0.336
Botella Tras Botella,Gera MX,197333,81,2021-04-23,2MnLkFqY9Rpg9s3Zv6ZJdK,0.656,0.727,0.546,0.546,0.546,0.0437,106.891,0,-4.572,1,4,0.69
Yonaguni,Bad Bunny,206710,86,2021-06-04,2JPLbjOn0wPCngEot2STUS,0.276,0.644,0.648,0.648,0.648,0.118,179.951,1,-4.601,1,4,0.44
BICHOTA,KAROL G,178693,75,2021-03-26,1WvrDdouh6C51In1SdATbq,0.204,0.864,0.658,0.658,0.658,0.154,163.922,1,-4.105,0,4,0.865
Fiel,Los Legendarios,261665,74,2021-02-04,7Bk0uXKk1uPT0XuQbpFzvs,0.407,0.849,0.701,0.701,0.701,0.06,98.005,6,-4.407,0,4,0.505
Bandido,Myke Towers,232853,76,2020-12-10,1xK1Gg9SxG8fy2Ya373oqb,0.122,0.713,0.617,0.617,0.617,0.0887,168.021,8,-4.637,1,4,0.682
LA NOCHE DE ANOCHE,Bad Bunny,203200,83,2020-11-27,2XIc1pqjXV3Cr2BQUGNBck,0.0303,0.856,0.618,0.618,0.618,0.286,81.993,7,-4.892,1,4,0.391
telepatía,Kali Uchis,160191,86,2020-12-04,6tDDoYIxWvMLTdKpjFkc1B,0.112,0.653,0.524,0.524,0.524,0.0502,83.97,11,-9.016,0,4,0.553
Pareja Del Año,Sebastian Yatra,195053,77,2021-04-16,2rCbl9naJYhaxjLsfx88uM,0.163,0.715,0.622,0.622,0.622,0.046,80.015,4,-5.102,0,4,0.808
Qué Más Pues?,J Balvin,217360,78,2021-09-10,6D2TCm4nf5nxAcdGJ7w3QP,0.0272,0.903,0.817,0.817,0.817,0.095,102.014,8,-3.972,1,4,0.732
Reloj,Rauw Alejandro,231594,74,2020-11-13,4loQgPwJHocL3dFwLfjb1J,0.176,0.823,0.537,0.537,0.537,0.211,175.965,8,-2.627,1,4,0.608
El Tóxico,Grupo Firme,179745,81,2020-10-27,7E9GeFGfjXw9LAI4ay6rsw,0.407,0.626,0.503,0.503,0.503,0.141,72.985,10,-5.087,1,4,0.821
Ya Acabo,Marca MP,189408,76,2021-02-19,4H3t8C59tXjKf1R2iKtc5M,0.696,0.673,0.326,0.326,0.326,0.0348,133.309,0,-7.481,1,4,0.672
A La Antigüita,Calibre 50,156266,79,2021-02-05,798ahLNEcoFER7Vywg1FMT,0.382,0.651,0.726,0.726,0.726,0.0539,179.99,8,-4.144,1,3,0.963
Pepas,Farruko,287120,75,2021-10-01,2B4GHvToeLTOBB4QLzW3Ni,0.00776,0.762,0.766,0.766,0.766,0.0343,130.001,7,-3.955,1,4,0.442
AM,Nio Garcia,182496,70,2021-01-28,2dNhNlpZAtV4lwAFW45LIv,0.399,0.83,0.517,0.517,0.517,0.333,171.959,6,-6.416,0,4,0.616
Yo Ya No Vuelvo Contigo - En Vivo,Lenin Ramírez,240456,77,2019-11-01,1s59X35jDULAyOGmBuTAnd,0.784,0.643,0.35,0.35,0.35,0.0783,118.199,4,-5.924,0,1,0.541
AM Remix,Nio Garcia,261334,76,2021-06-24,05bfbizlM5AX6Mf1RRyMho,0.114,0.743,0.655,0.655,0.655,0.159,172.031,6,-5.015,0,4,0.785
Cabrón y Vago - En Vivo,El Fantasma,142064,76,2020-07-31,4nbWX2HzrOEnX4xxvYRCyU,0.697,0.547,0.638,0.638,0.638,0.124,176.277,8,-2.99,1,3,0.876
TE MUDASTE,Bad Bunny,130013,82,2020-11-27,5RubKOuDoPn5Kj5TLVxSxY,0.234,0.811,0.637,0.637,0.637,0.0591,92.025,10,-4.835,0,4,0.471
Save Your Tears,The Weeknd,215626,90,2020-03-20,5QO79kh1waicV47BqGRL3g,0.0212,0.68,0.826,0.826,0.826,0.0309,118.051,0,-5.487,1,4,0.644
Baila Conmigo (with Rauw Alejandro),Selena Gomez,186087,74,2021-03-12,079Ey5uxL04AKPQgVQwx5h,0.0215,0.823,0.544,0.544,0.544,0.0715,149.903,5,-7.132,1,4,0.664
EL MAKINON,KAROL G,209160,78,2021-03-26,2FSGUA0gFgGeQdprjtGM2M,0.256,0.635,0.706,0.706,0.706,0.125,88.863,5,-3.224,0,4,0.443
Hecha Pa' Mi,Boza,186133,78,2020-07-31,3VvA1wSxukMLsvXoXtlwWx,0.362,0.725,0.756,0.756,0.756,0.0572,100.07,4,-5.013,1,4,0.828
Algo Mágico,Rauw Alejandro,261603,70,2020-11-13,7D93pJcwymzaZx8WgBo2zG,0.757,0.699,0.612,0.612,0.612,0.0667,100.005,11,-4.355,1,4,0.591
Volví,Aventura,230125,82,2021-08-03,2vmfvSoZBFAt9hhRoEByLi,0.422,0.725,0.86,0.86,0.86,0.182,175.896,1,-3.726,1,4,0.791
2/Catorce,Rauw Alejandro,205714,73,2021-12-10,78QcVmzxS0wIwuC2rpAauI,0.709,0.768,0.56,0.56,0.56,0.0859,112.084,3,-3.497,1,3,0.372
La Casita,Banda MS de Sergio Lizárraga,217600,75,2020-08-14,0vtYnEw1eJwW26BrBnOAYJ,0.277,0.832,0.525,0.525,0.525,0.0412,112.479,10,-6.806,1,3,0.967
Dime Cómo Quieres,Christian Nodal,171360,73,2020-11-13,4jcxBTrNvyqMJdMDyyjdYV,0.322,0.839,0.667,0.667,0.667,0.031,124.889,11,-3.961,0,4,0.878
Relación - Remix,Sech,247308,75,2020-09-04,35UUpTmrcFXNIVIN26ujXl,0.0337,0.793,0.771,0.771,0.771,0.0959,171.943,5,-3.417,1,4,0.835
Sobrio,Maluma,201180,82,2021-07-08,4HzqWEdAbzcVFDv0pvxV4w,0.138,0.762,0.77,0.77,0.77,0.223,177.998,5,-2.758,1,4,0.631
Pa' Olvidarme De Ella,Piso 21,227233,74,2021-03-18,3lR4O0vtkhCAvVEUEWUL0S,0.259,0.728,0.542,0.542,0.542,0.0514,90.016,0,-5.195,1,3,0.637
drivers license,Olivia Rodrigo,242013,89,2021-05-21,5wANPM4fQCJwkGd4rN57mH,0.768,0.561,0.431,0.431,0.431,0.0578,143.875,10,-8.81,1,4,0.137
Mi Niña,Wisin,213313,70,2020-09-23,2bgcUk2A3jjKbCJ7KPquTi,0.31,0.823,0.821,0.821,0.821,0.166,99.999,8,-3.402,0,4,0.791
Si Te Pudiera Mentir,Calibre 50,255640,81,2019-08-16,3p6eieHX6oEOzJStPtEsLu,0.348,0.764,0.585,0.585,0.585,0.0305,90.013,2,-7.796,1,4,0.89
Levitating (feat. DaBaby),Dua Lipa,203064,87,2020-03-27,5nujrmhLynf4yMoMtj8AQF,0.00883,0.702,0.825,0.825,0.825,0.0601,102.977,6,-3.787,0,4,0.915
Debo Entender,Santa Fe Klan,238419,76,2019-12-12,55mzJ0LftLnef8sxAjrMkU,0.741,0.678,0.457,0.457,0.457,0.177,72.156,0,-6.854,1,4,0.563
Chica Ideal,Sebastian Yatra,183240,72,2020-10-16,21N4Buj4xsyLb218lYle61,0.0847,0.574,0.891,0.891,0.891,0.157,100.978,0,-3.665,0,4,0.707
La Nota,Manuel Turizo,216107,70,2021-04-09,5VzNsUnLmYcRfRfxpQsusa,0.18,0.736,0.632,0.632,0.632,0.0648,92.03,11,-4.939,0,4,0.503
Mónaco,LAGOS,192313,82,2021-05-28,3HgvO4B5LLmdPOT2d8cSZd,0.054,0.699,0.654,0.654,0.654,0.0383,100.037,11,-6.264,1,4,0.319
Se Te Nota (with Guaynaa),Lele Pons,155825,74,2020-09-02,11EnQRgRMJwMAesfkB5pnu,0.0907,0.905,0.686,0.686,0.686,0.0664,103.013,0,-3.152,1,4,0.963
UN DIA (ONE DAY),J Balvin,232146,69,2021-09-10,66x45Yh9x397PWpxMX0ZDT,0.00638,0.58,0.695,0.695,0.695,0.0671,168.124,6,-8.244,0,4,0.402
HASTA ABAJO,KEVIN ROLDAN,229826,74,2019-10-04,4PEfJZpVjdclfzZ9XO8uDw,0.289,0.714,0.671,0.671,0.671,0.362,169.732,5,-5.119,1,4,0.641
Me Porto Bonito,Bad Bunny,178567,92,2022-05-06,6Sq7ltF9Qa7SNFBsV5Cogx,0.0901,0.911,0.712,0.712,0.712,0.0817,92.005,1,-5.105,0,4,0.425
Tití Me Preguntó,Bad Bunny,243716,90,2022-05-06,1IHWl5LamUGEuP4ozKQSXZ,0.0993,0.65,0.715,0.715,0.715,0.253,106.672,5,-5.198,0,4,0.187
Ojitos Lindos,Bad Bunny,258298,91,2022-05-06,3k3NWokhRRkEPhCzPmV8TW,0.08,0.647,0.686,0.686,0.686,0.0413,79.928,3,-5.745,0,4,0.268
Efecto,Bad Bunny,213061,90,2022-05-06,5Eax0qFko2dh7Rl2lYs3bx,0.141,0.801,0.475,0.475,0.475,0.0516,98.047,7,-8.797,0,4,0.234
"Quevedo: Bzrp Music Sessions, Vol. 52",Bizarrap,198937,93,2022-07-06,2tTmW7RDtMQtBk7m2rYeSw,0.0125,0.621,0.782,0.782,0.782,0.044,128.033,2,-5.548,1,4,0.55
PROVENZA,KAROL G,210200,83,2022-04-22,7dSZ6zGTQx66c2GF91xCrb,0.656,0.87,0.516,0.516,0.516,0.0541,111.005,1,-8.006,1,4,0.53
Moscow Mule,Bad Bunny,245939,88,2022-05-06,6Xom58OOXk2SoU711L2IXO,0.294,0.804,0.674,0.674,0.674,0.0333,99.968,5,-5.453,0,4,0.292
Party,Bad Bunny,227628,84,2022-05-06,4tYFy8ALRjIZvnvSLw5lxN,0.0151,0.829,0.799,0.799,0.799,0.0897,97.013,9,-5.389,1,4,0.471
Chale,Eden Muñoz,170744,81,2022-02-18,74WROFXsox6wkeUrEK2DS6,0.395,0.551,0.436,0.436,0.436,0.0428,188.651,8,-8.029,1,3,0.862
Lo Siento BB:/ (with Bad Bunny & Julieta Venegas),Tainy,207301,82,2021-10-05,4gzsuuZypVbxs0Af1LSZyB,0.0889,0.639,0.703,0.703,0.703,0.0794,169.888,4,-6.33,0,4,0.138
Desesperados,Rauw Alejandro,224996,84,2021-12-10,6mmPpaltUZK7xjNlBPQQ0p,0.356,0.869,0.694,0.694,0.694,0.0783,90.02,1,-3.35,0,4,0.511
As It Was,Harry Styles,167303,93,2022-05-20,4Dvkj6JhhA12EX05fT7y2e,0.342,0.52,0.731,0.731,0.731,0.0557,173.93,6,-5.338,0,4,0.662
Neverita,Bad Bunny,173119,87,2022-05-06,31i56LZnwE6uSu3exoHjtB,0.0706,0.876,0.498,0.498,0.498,0.0478,122.016,10,-7.511,1,4,0.428
Ya No Somos Ni Seremos,Christian Nodal,185722,83,2022-02-18,0UXlu64mDLvfzR8IXMz06J,0.437,0.588,0.452,0.452,0.452,0.0268,139.953,7,-4.75,1,4,0.734
JGL,La Adictiva,158093,84,2022-02-18,5kpxVMDvYGRmNqawPqDTYR,0.55,0.702,0.586,0.586,0.586,0.118,112.852,8,-5.317,1,4,0.965
Una Noche en Medellín,Cris Mj,153750,87,2022-01-21,1O2pcBJGej0pmH2Y9XZMs6,0.0924,0.87,0.548,0.548,0.548,0.077,96.018,10,-5.253,0,4,0.832
Los Botones Azules,Junior H,135611,83,2022-02-11,3ZGkdrigbWXLgHungXfZkt,0.0877,0.784,0.737,0.737,0.737,0.0758,97.5,5,-2.174,1,3,0.623
MAMIII,Becky G,226093,82,2022-05-13,7FlQk2gJ6TBrHHiidvdR2O,0.0845,0.836,0.703,0.703,0.703,0.0657,94.048,4,-3.554,0,4,0.902
La Bachata,Manuel Turizo,162637,89,2022-05-26,5ww2BF9slyYgNOk37BlC4u,0.583,0.835,0.679,0.679,0.679,0.0364,124.98,7,-5.329,0,4,0.85
Fuera del mercado,Danny Ocean,159849,83,2022-02-17,1UdzJEpgJxtuXAlCOvD4S0,0.32,0.453,0.673,0.673,0.673,0.144,92.06,8,-5.649,1,4,0.266
Te Felicito,Shakira,172235,85,2022-04-21,2rurDawMfoKP4uHyb2kJBt,0.234,0.695,0.636,0.636,0.636,0.317,174.14,5,-4.654,1,4,0.575
Tarot,Bad Bunny,237894,85,2022-05-06,41oY4WCTj5kccfesTVFnvN,0.0225,0.795,0.684,0.684,0.684,0.0419,114.011,11,-3.971,0,4,0.419
San Lucas,Kevin Kaarl,247196,80,2019-11-07,75UMtPC77vqKRwfSuYuNPO,0.86,0.577,0.363,0.363,0.363,0.0263,91.511,7,-12.378,1,4,0.265
Mon Amour - Remix,zzoilo,179940,82,2021-08-18,5TMLavqGRKNxgzMBrVpC9R,0.122,0.748,0.761,0.761,0.761,0.102,116.041,2,-6.621,1,4,0.362
Fuga Pa Cali 2,Grupo Los de la O,196864,80,2021-11-12,5IdyvWCaUa7AgTxMsFj0wB,0.366,0.743,0.89,0.89,0.89,0.0837,107.635,7,-5.451,0,4,0.809
La Corriente,Bad Bunny,198367,83,2022-05-06,1797zYiX4cKosMH836X9Gt,0.229,0.663,0.786,0.786,0.786,0.195,196.12,11,-3.51,0,4,0.579
Tacones Rojos,Sebastian Yatra,189333,80,2022-01-28,6ylDpki1VpIsc525KC1ojF,0.062,0.746,0.844,0.844,0.844,0.0359,123.014,11,-3.499,0,4,0.934
Jordan,Ryan Castro,176142,79,2022-05-24,6y8z28epOv5FlaxDv1Lo5B,0.0575,0.796,0.68,0.68,0.68,0.37,179.923,10,-5.555,0,4,0.71
Andrea,Bad Bunny,339611,81,2022-05-06,44XjoNvtwevktFKjvVe1vH,0.762,0.797,0.616,0.616,0.616,0.375,103.071,1,-10.229,0,4,0.451
Como Lo Hice Yo,Matisse,177062,72,2022-05-27,6YNTL320OEMAg4ORqGYt1v,0.38,0.69,0.662,0.662,0.662,0.043,143.096,2,-4.537,1,3,0.488
Después de la Playa,Bad Bunny,230400,82,2022-05-06,1dm6z1fWB0cErMszU25dy2,0.356,0.564,0.903,0.903,0.903,0.307,78.293,5,-3.221,1,4,0.607
En El Radio Un Cochinero,Victor Cibrian,223431,76,2022-05-13,2NWaWZZLFMcr5P4uI2KvWy,0.466,0.696,0.623,0.623,0.623,0.0438,154.028,6,-8.738,0,3,0.965
Ya Supérame (En Vivo),Grupo Firme,189050,79,2021-08-13,6HIIuuUIEzH1meVdGbMXyf,0.463,0.436,0.4,0.4,0.4,0.11,75.576,0,-6.521,1,3,0.568
Un Coco,Bad Bunny,196412,84,2022-05-06,6VrQTLzzuyGIYjUDe4kAZk,0.207,0.839,0.69,0.69,0.69,0.0615,151.991,11,-4.464,1,4,0.744
El Rescate,Grupo Marca Registrada,160897,80,2022-07-22,4w273WCBXwM4P3jTX5HkB2,0.283,0.794,0.594,0.594,0.594,0.139,99.238,7,-8.698,0,3,0.637
No Se Va - EN VIVO,Grupo Frontera,194019,88,2022-04-28,23Lyy7ZXRvzfgH4JtDkKrX,0.121,0.594,0.527,0.527,0.527,0.0335,172.712,0,-9.335,1,4,0.692
Un Ratito,Bad Bunny,176936,82,2022-05-06,5CzixCxDkRXX9mScCmah8O,0.305,0.787,0.546,0.546,0.546,0.0532,93.05,0,-7.094,0,4,0.222
Si Fuera Fácil,Grupo Marca Registrada,170496,77,2022-05-27,7Jph6HJbfURt4Fea19IED3,0.446,0.794,0.677,0.677,0.677,0.0713,101.467,10,-9.969,1,3,0.611
Dos Mil 16,Bad Bunny,208615,81,2022-05-06,4d4ZXH4dr5bYfgErHiZCX2,0.123,0.817,0.67,0.67,0.67,0.0506,130.058,1,-6.534,1,3,0.495
Siempre Pendientes,Peso Pluma,186828,85,2022-08-15,3gfSH9aYZbyGjdmbeoWliw,0.331,0.774,0.748,0.748,0.748,0.0352,135.929,0,-7.086,1,3,0.714
Se Fue La Pantera (En Vivo),Grupo Firme,202021,77,2021-08-12,6Yard5LK4aXEn0kBKtHSob,0.118,0.557,0.66,0.66,0.66,0.0768,128.179,3,-4.467,1,4,0.907
